day,el día,m,1 - Core Essentials
year,el año,m,1 - Core Essentials
time/occasion,la vez,f,1 - Core Essentials
time/weather,el tiempo,m,1 - Core Essentials
person,la persona,f,1 - Core Essentials
man,el hombre,m,1 - Core Essentials
woman,la mujer,f,1 - Core Essentials
life,la vida,f,1 - Core Essentials
world,el mundo,m,1 - Core Essentials
house/home,la casa,f,1 - Core Essentials
work/job,el trabajo,m,1 - Core Essentials
country,el país,m,1 - Core Essentials
hand,la mano,f,1 - Core Essentials
part,la parte,f,1 - Core Essentials
place,el lugar,m,1 - Core Essentials
case/situation,el caso,m,1 - Core Essentials
thing,la cosa,f,1 - Core Essentials
child/boy,el niño,m,1 - Core Essentials
girl,la niña,f,1 - Core Essentials
moment,el momento,m,1 - Core Essentials
city,la ciudad,f,1 - Core Essentials
water,el agua,f,1 - Core Essentials
form/way/shape,la forma,f,1 - Core Essentials
name,el nombre,m,1 - Core Essentials
night,la noche,f,1 - Core Essentials
point,el punto,m,1 - Core Essentials
hour/time,la hora,f,1 - Core Essentials
government,el gobierno,m,1 - Core Essentials
state/condition,el estado,m,1 - Core Essentials
father,el padre,m,1 - Core Essentials
mother,la madre,f,1 - Core Essentials
family,la familia,f,1 - Core Essentials
friend (m),el amigo,m,1 - Core Essentials
friend (f),la amiga,f,1 - Core Essentials
problem,el problema,m,1 - Core Essentials
word,la palabra,f,1 - Core Essentials
people,la gente,f,1 - Core Essentials
number,el número,m,1 - Core Essentials
type/guy,el tipo,m,1 - Core Essentials
manner/way,la manera,f,1 - Core Essentials
money,el dinero,m,1 - Core Essentials
week,la semana,f,1 - Core Essentials
month,el mes,m,1 - Core Essentials
question,la pregunta,f,1 - Core Essentials
answer,la respuesta,f,1 - Core Essentials
road/path/way,el camino,m,1 - Core Essentials
eye,el ojo,m,1 - Core Essentials
face,la cara,f,1 - Core Essentials
time/instance,la vez,f,1 - Core Essentials
side,el lado,m,1 - Core Essentials
food/meal,la comida,f,2 - Everyday Life
bread,el pan,m,2 - Everyday Life
milk,la leche,f,2 - Everyday Life
coffee,el café,m,2 - Everyday Life
wine,el vino,m,2 - Everyday Life
beer,la cerveza,f,2 - Everyday Life
juice,el jugo,m,2 - Everyday Life
tea,el té,m,2 - Everyday Life
meat,la carne,f,2 - Everyday Life
chicken,el pollo,m,2 - Everyday Life
fish (food),el pescado,m,2 - Everyday Life
rice,el arroz,m,2 - Everyday Life
soup,la sopa,f,2 - Everyday Life
salad,la ensalada,f,2 - Everyday Life
cheese,el queso,m,2 - Everyday Life
egg,el huevo,m,2 - Everyday Life
fruit,la fruta,f,2 - Everyday Life
apple,la manzana,f,2 - Everyday Life
banana,el plátano,m,2 - Everyday Life
orange,la naranja,f,2 - Everyday Life
vegetable,la verdura,f,2 - Everyday Life
tomato,el tomate,m,2 - Everyday Life
onion,la cebolla,f,2 - Everyday Life
garlic,el ajo,m,2 - Everyday Life
breakfast,el desayuno,m,2 - Everyday Life
lunch,el almuerzo,m,2 - Everyday Life
dinner,la cena,f,2 - Everyday Life
restaurant,el restaurante,m,2 - Everyday Life
table,la mesa,f,2 - Everyday Life
chair,la silla,f,2 - Everyday Life
glass,el vaso,m,2 - Everyday Life
cup,la taza,f,2 - Everyday Life
plate/dish,el plato,m,2 - Everyday Life
bill/account,la cuenta,f,2 - Everyday Life
store/shop,la tienda,f,2 - Everyday Life
market,el mercado,m,2 - Everyday Life
supermarket,el supermercado,m,2 - Everyday Life
price,el precio,m,2 - Everyday Life
clothes,la ropa,f,2 - Everyday Life
shirt,la camisa,f,2 - Everyday Life
pants,el pantalón,m,2 - Everyday Life
shoe,el zapato,m,2 - Everyday Life
jacket,la chaqueta,f,2 - Everyday Life
dress,el vestido,m,2 - Everyday Life
skirt,la falda,f,2 - Everyday Life
hat,el sombrero,m,2 - Everyday Life
bed,la cama,f,2 - Everyday Life
bathroom,el baño,m,2 - Everyday Life
kitchen,la cocina,f,2 - Everyday Life
living room,la sala,f,2 - Everyday Life
door,la puerta,f,2 - Everyday Life
window,la ventana,f,2 - Everyday Life
floor/apartment,el piso,m,2 - Everyday Life
key,la llave,f,2 - Everyday Life
car,el coche,m,2 - Everyday Life
bus,el autobús,m,2 - Everyday Life
train,el tren,m,2 - Everyday Life
airplane,el avión,m,2 - Everyday Life
airport,el aeropuerto,m,2 - Everyday Life
station,la estación,f,2 - Everyday Life
street,la calle,f,2 - Everyday Life
neighborhood,el barrio,m,2 - Everyday Life
square/plaza,la plaza,f,2 - Everyday Life
hospital,el hospital,m,2 - Everyday Life
pharmacy,la farmacia,f,2 - Everyday Life
doctor,el médico,m,2 - Everyday Life
nurse,la enfermera,f,2 - Everyday Life
medicine,la medicina,f,2 - Everyday Life
bank,el banco,m,2 - Everyday Life
hotel,el hotel,m,2 - Everyday Life
phone,el teléfono,m,3 - People & Body
cell phone,el celular,m,3 - People & Body
computer,la computadora,f,3 - People & Body
internet,el internet,m,3 - People & Body
mail/email,el correo,m,3 - People & Body
head,la cabeza,f,3 - People & Body
hair,el pelo,m,3 - People & Body
mouth,la boca,f,3 - People & Body
nose,la nariz,f,3 - People & Body
ear,la oreja,f,3 - People & Body
neck,el cuello,m,3 - People & Body
shoulder,el hombro,m,3 - People & Body
arm,el brazo,m,3 - People & Body
leg,la pierna,f,3 - People & Body
foot,el pie,m,3 - People & Body
finger/toe,el dedo,m,3 - People & Body
heart,el corazón,m,3 - People & Body
back,la espalda,f,3 - People & Body
stomach,el estómago,m,3 - People & Body
skin,la piel,f,3 - People & Body
husband,el esposo,m,3 - People & Body
wife,la esposa,f,3 - People & Body
son,el hijo,m,3 - People & Body
daughter,la hija,f,3 - People & Body
brother,el hermano,m,3 - People & Body
sister,la hermana,f,3 - People & Body
grandfather,el abuelo,m,3 - People & Body
grandmother,la abuela,f,3 - People & Body
uncle,el tío,m,3 - People & Body
aunt,la tía,f,3 - People & Body
cousin (m),el primo,m,3 - People & Body
cousin (f),la prima,f,3 - People & Body
boyfriend,el novio,m,3 - People & Body
girlfriend,la novia,f,3 - People & Body
neighbor,el vecino,m,3 - People & Body
boss,el jefe,m,3 - People & Body
colleague/partner,el compañero,m,3 - People & Body
teacher,el profesor,m,3 - People & Body
student,el estudiante,m,3 - People & Body
child,el niño,m,3 - People & Body
school,la escuela,f,4 - Time & Nature
university,la universidad,f,4 - Time & Nature
office,la oficina,f,4 - Time & Nature
business,el negocio,m,4 - Time & Nature
company,la empresa,f,4 - Time & Nature
Monday,el lunes,m,4 - Time & Nature
Tuesday,el martes,m,4 - Time & Nature
Wednesday,el miércoles,m,4 - Time & Nature
Thursday,el jueves,m,4 - Time & Nature
Friday,el viernes,m,4 - Time & Nature
Saturday,el sábado,m,4 - Time & Nature
Sunday,el domingo,m,4 - Time & Nature
January,enero,,4 - Time & Nature
February,febrero,,4 - Time & Nature
March,marzo,,4 - Time & Nature
April,abril,,4 - Time & Nature
May,mayo,,4 - Time & Nature
June,junio,,4 - Time & Nature
July,julio,,4 - Time & Nature
August,agosto,,4 - Time & Nature
September,septiembre,,4 - Time & Nature
October,octubre,,4 - Time & Nature
November,noviembre,,4 - Time & Nature
December,diciembre,,4 - Time & Nature
morning,la mañana,f,4 - Time & Nature
afternoon/evening,la tarde,f,4 - Time & Nature
night,la noche,f,4 - Time & Nature
sun,el sol,m,4 - Time & Nature
moon,la luna,f,4 - Time & Nature
rain,la lluvia,f,4 - Time & Nature
wind,el viento,m,4 - Time & Nature
snow,la nieve,f,4 - Time & Nature
heat,el calor,m,4 - Time & Nature
cold,el frío,m,4 - Time & Nature
sky,el cielo,m,4 - Time & Nature
earth/land,la tierra,f,4 - Time & Nature
sea,el mar,m,4 - Time & Nature
river,el río,m,4 - Time & Nature
mountain,la montaña,f,4 - Time & Nature
forest,el bosque,m,4 - Time & Nature
dog,el perro,m,5 - Around Town
cat,el gato,m,5 - Around Town
bird,el pájaro,m,5 - Around Town
book,el libro,m,5 - Around Town
magazine,la revista,f,5 - Around Town
newspaper,el periódico,m,5 - Around Town
music,la música,f,5 - Around Town
movie/film,la película,f,5 - Around Town
sport,el deporte,m,5 - Around Town
soccer/football,el fútbol,m,5 - Around Town
game/match,el partido,m,5 - Around Town
trip/journey,el viaje,m,5 - Around Town
vacation,las vacaciones,f pl,5 - Around Town
passport,el pasaporte,m,5 - Around Town
suitcase,la maleta,f,5 - Around Town
map,el mapa,m,5 - Around Town
room,la habitación,f,5 - Around Town
elevator,el ascensor,m,5 - Around Town
stairs,la escalera,f,5 - Around Town
garden,el jardín,m,5 - Around Town
park,el parque,m,5 - Around Town
beach,la playa,f,5 - Around Town
building,el edificio,m,5 - Around Town
church,la iglesia,f,5 - Around Town
museum,el museo,m,5 - Around Town
library,la biblioteca,f,5 - Around Town
color,el color,m,5 - Around Town
red,el rojo,m,5 - Around Town
blue,el azul,m,5 - Around Town
green,el verde,m,5 - Around Town
black,el negro,m,5 - Around Town
white,el blanco,m,5 - Around Town
yellow,el amarillo,m,5 - Around Town
orange (color),el naranja,m,5 - Around Town
pink,el rosa,m,5 - Around Town
purple,el morado,m,5 - Around Town
gray,el gris,m,5 - Around Town
brown,el marrón,m,5 - Around Town
idea,la idea,f,5 - Around Town
information,la información,f,5 - Around Town
example,el ejemplo,m,5 - Around Town
reason,la razón,f,5 - Around Town
result,el resultado,m,5 - Around Town
situation,la situación,f,5 - Around Town
message,el mensaje,m,5 - Around Town
news,la noticia,f,5 - Around Town
event,el evento,m,5 - Around Town
meeting,la reunión,f,5 - Around Town
project,el proyecto,m,5 - Around Town
plan,el plan,m,5 - Around Town
